Marca temporal,De que local?,Categorias,Monto,Comentario,Que moneda?
30/05/2025 19:10:34,Estilo 1,Limpieza,21000,Nati,Pesos
30/05/2025 19:11:40,Estilo 2,Limpieza,12000,NATI,Pesos
30/05/2025 19:13:03,Estilo 2,Proveedores,25000,COMPRA DE CELULAR ROTO PARA REPUESTOS,Pesos
30/05/2025 19:14:31,Estilo 2,Distribucion Ganancias Socios,21000,ADELANTO EDU,Pesos
30/05/2025 19:15:21,Estilo 2,Envios,25200,ENVIO ANDREANI,Pesos
30/05/2025 19:16:11,Estilo 2,Proveedores,12000,MERCADERIA VARIOS,Pesos
30/05/2025 19:17:24,Estilo 2,Proveedores,5275,COMPRA DE CELULARES SELLADOS,USD
30/05/2025 19:23:43,Estilo 1,Otros,37800,LIBRERÍA ,Pesos
30/05/2025 19:24:10,Estilo 2,Otros,37800,LIBRERÍA,Pesos
30/05/2025 19:26:55,Estilo 2,Empleados local,70200,COMISIÓN VENTA POR MAYOR A NAHUEL,Pesos
30/05/2025 19:29:29,Estilo 1,Proveedores,50000,REPUESTOS DE EQUIPOS,Pesos
2/06/2025 18:21:22,Estilo 1,Mantenimiento,25000,MARCELO,Pesos
2/06/2025 18:22:02,Estilo 2,Mantenimiento,47500,MARCELO LUCES,Pesos
2/06/2025 18:22:55,Estilo 2,Empleados local,70000,ADELANTO NAHUEL,Pesos
2/06/2025 18:23:19,Estilo 2,Distribucion Ganancias Socios,20000,ADELANTO EDU,Pesos
2/06/2025 18:24:28,Estilo 1,Publicidad,377,PUBLICIDAD META,USD
2/06/2025 18:24:49,Estilo 2,Publicidad,377,PUBLICIDAD META,USD
2/06/2025 18:25:38,Estilo 1,Distribucion Ganancias Socios,825000,SUELDO GUADA - ADELANTO FEDE,Pesos
2/06/2025 18:26:22,Estilo 2,Empleados local,1500000,"FIJO NAHUE, AGOS Y TITO",Pesos
2/06/2025 18:27:44,Estilo 2,Servicios,35600,INTERNET,Pesos
4/06/2025 11:54:17,Estilo 2,Proveedores,250,Plan canje iP 11,USD
4/06/2025 11:55:51,Estilo 2,Proveedores,450,03/06 - Plan canje iP 13 P,USD
4/06/2025 11:57:53,Estilo 2,Distribucion Ganancias Socios,50000,03/06 Adelanto Edu,Pesos
4/06/2025 11:59:21,Estilo 2,Proveedores,100,03/06 - Compra iP 11,USD
4/06/2025 11:59:51,Estilo 2,Proveedores,116000,03/06 - Compra iP 11,Pesos
5/06/2025 12:19:22,Estilo 2,Mantenimiento,64500,04/06 - TECLADO - MOUSE,Pesos
5/06/2025 12:20:39,Estilo 2,Proveedores,1257220,04/06 - ACCESORIOS VARIOS,Pesos
5/06/2025 12:23:44,Estilo 2,Empleados local,140000,04/06 - SUELDO NAHUEL,Pesos
6/06/2025 19:45:54,Estilo 2,Proveedores,530, 05/06 - IP 16 P (S),USD
7/06/2025 13:02:33,Estilo 1,Limpieza,9000,06/06 - NATI,Pesos
7/06/2025 13:03:12,Estilo 1,Otros,2100,06/06 - INSUMO PARA ST,Pesos
7/06/2025 13:03:49,Estilo 1,Publicidad,251450,06/06 - META,Pesos
7/06/2025 13:04:15,Estilo 1,Envios,420,06/06 - EEUU,USD
7/06/2025 13:04:41,Estilo 1,Proveedores,70500,06/06 - CAJITAS,Pesos
7/06/2025 13:05:32,Estilo 2,Distribucion Ganancias Socios,500000,06/06 - SUELDO EDU,Pesos
7/06/2025 13:05:55,Estilo 2,Publicidad,251450,06/06 - META,Pesos
7/06/2025 13:06:14,Estilo 2,Envios,420,06/06 - EEUU,USD
7/06/2025 13:06:37,Estilo 2,Proveedores,70500,06/06 - CAJITAS,Pesos
9/06/2025 19:37:05,Estilo 1,Proveedores,19500,07/06 - REPUESTOS,Pesos
9/06/2025 19:37:35,Estilo 1,Otros,100000,07/06 - MERCADERIA,Pesos
9/06/2025 19:40:35,Estilo 2,Proveedores,19500,07/06 - REPUESTOS,Pesos
9/06/2025 19:40:55,Estilo 2,Otros,177960,07/06 - Consumo Diario,Pesos
9/06/2025 19:41:47,Estilo 1,Marketing,350000,07/06 - METANOIA,Pesos
10/06/2025 19:15:27,Estilo 1,Otros,6400,09/06 - LIBRERÍA,Pesos
10/06/2025 19:16:05,Estilo 1,Envios,5700,09/06 - ANDREANI,Pesos
10/06/2025 19:18:16,Estilo 1,Envios,29550,09/06 - BUSPACK,Pesos
10/06/2025 19:18:53,Estilo 2,Otros,6400,09/06 - LIBRERÍA,Pesos
10/06/2025 19:20:13,Estilo 2,Envios,5700,09/06 - ANDREANI,Pesos
10/06/2025 19:20:43,Estilo 2,Marketing,350000,09/06 - JESI METANOIA,Pesos
10/06/2025 19:21:16,Estilo 2,Otros,254000,09/06 - PRESTAMO CARO,Pesos
10/06/2025 19:21:43,Estilo 2,Servicios,44400,09/06 - LUZ,Pesos
10/06/2025 19:22:48,Estilo 2,Envios,29550,09/06 - BUSPACK,Pesos
12/06/2025 12:59:29,Estilo 1,Empleados local,300000,10/06 - SUELDO FEDE,Pesos
12/06/2025 13:00:56,Estilo 1,Otros,458900,10/06 - ALQUILER,Pesos
12/06/2025 13:02:02,Estilo 1,Impuestos,1600,10/06 - MUNICIPALIDAD,Pesos
12/06/2025 13:03:13,Estilo 1,Servicios,8070,10/06 - AGUA,Pesos
12/06/2025 13:04:02,Estilo 2,Alquiler,812000,10/06 - ALQUILER,Pesos
14/06/2025 18:44:15,Estilo 1,Empleados local,127500,12/06 - TITO COMISIÓN,Pesos
14/06/2025 18:48:46,Estilo 2,Empleados local,112500,12/06 - AGOS COMISIONES,Pesos
14/06/2025 18:50:12,Estilo 2,Otros,900,12/06 - PRÉSTAMO PERSONAL,USD
14/06/2025 21:41:54,Estilo 1,Proveedores,350,14/06 - IP 13,USD
14/06/2025 21:42:39,Estilo 1,Limpieza,10500,14/06 - NATI,Pesos
14/06/2025 21:43:17,Estilo 2,Limpieza,14000,14/06 - NATI,Pesos
19/06/2025 20:46:21,Estilo 1,Proveedores,325613,17/06 - REPUESTOS,Pesos
19/06/2025 20:47:12,Estilo 1,Otros,259312,17/06 - HERRAMIENTAS,Pesos
19/06/2025 20:47:45,Estilo 1,Proveedores,966,17/06 - KING PARTS,USD
19/06/2025 20:48:10,Estilo 1,Servicios,81300,17/06 - LUZ,Pesos
19/06/2025 20:48:37,Estilo 1,Servicios,41800,17/06 - INTERNET,Pesos
19/06/2025 20:49:54,Estilo 2,Proveedores,16500,17/06 - REPUESTOS,Pesos
19/06/2025 20:50:30,Estilo 2,Proveedores,936,17/06 - KING PARTS,USD
19/06/2025 20:50:59,Estilo 2,Proveedores,16900,17/06 - REPUESTOS,Pesos
19/06/2025 20:51:26,Estilo 2,Servicios,30100,17/06 - AGUA,Pesos
19/06/2025 20:51:53,Estilo 2,Servicios,16800,17/06 - GAS,Pesos
19/06/2025 20:56:10,Estilo 1,Proveedores,42000,18/06 - REPUESTOS,Pesos
19/06/2025 20:56:52,Estilo 1,Limpieza,10500,18/06 - NATI,Pesos
19/06/2025 20:57:18,Estilo 1,Otros,5250,18/06 - DOMINIO,Pesos
19/06/2025 20:57:43,Estilo 2,Otros,4250,18/06 - DOMINIO,Pesos
19/06/2025 20:58:14,Estilo 2,Proveedores,3381,18/06 - CELULARES SELLADOS,USD
19/06/2025 20:59:02,Estilo 2,Envios,24800,18/06 - BS.AS.,Pesos
23/06/2025 18:36:28,Estilo 2,Limpieza,14000, 19/06 - NATI,Pesos
23/06/2025 18:40:13,Estilo 1,Distribucion Ganancias Socios,5500,20/06 - SOCIOS,Pesos
23/06/2025 18:41:17,Estilo 2,Distribucion Ganancias Socios,37300,20/06 - PADLE,Pesos
23/06/2025 18:42:12,Estilo 2,Distribucion Ganancias Socios,5500,20/06 - SOCIOS,Pesos
24/06/2025 11:00:48,Estilo 1,Impuestos,135000,23/06 - MONOTRIBUTO,Pesos
24/06/2025 11:03:06,Estilo 2,Distribucion Ganancias Socios,192000,23/06 - SUELDO EDUARDO,Pesos
24/06/2025 11:03:49,Estilo 2,Impuestos,135000,23/06 - MONOTRIBUTO,Pesos
24/06/2025 11:05:06,Estilo 2,Otros,27000,23/06 - DEVOLUCION CLIENTE,Pesos
25/06/2025 18:22:34,Estilo 1,Otros,84500,24/06 - DEVOLUCION FEDE,Pesos
25/06/2025 18:23:25,Estilo 1,Otros,907500,24/06 - MOTO,Pesos
25/06/2025 18:24:35,Estilo 1,Otros,1700,24/06 - PILAS,Pesos
25/06/2025 18:27:36,Estilo 2,Otros,907500,MOTO,Pesos
25/06/2025 18:28:09,Estilo 2,Otros,84500,24/06 - DEVOLUCION FEDE,Pesos
26/06/2025 19:14:19,Estilo 1,Otros,362000,25/06 - MOTO,Pesos
26/06/2025 19:15:07,Estilo 1,Otros,24000,25/06 - MOTO,Pesos
26/06/2025 19:17:11,Estilo 2,Otros,36000,25/06 - MOTO,Pesos
26/06/2025 19:20:12,Estilo 2,Mantenimiento,20000,25/06 - CESPED,Pesos
26/06/2025 19:21:13,Estilo 2,Otros,220,25/06 - MOTO,USD
28/06/2025 13:02:07,Estilo 1,Envios,6173,27/06 - ENVIO MENDOZA,Pesos
30/06/2025 10:23:50,Estilo 1,Limpieza,10500,28/06 - Nati,Pesos
30/06/2025 10:33:54,Estilo 2,Limpieza,14000,28/06 - Nati,Pesos
30/06/2025 10:33:54,Estilo 2,Proveedores,23000,28/06 - REPUESTOS,Pesos
2/07/2025 11:03:26,Estilo 2,Servicios,36600,01/07 - INTERNET,Pesos
2/07/2025 11:03:58,Estilo 2,Proveedores,93000,01/07 - REPUESTOS,Pesos
3/07/2025 11:19:51,Estilo 1,Proveedores,91000,02/07 - REPUESTOS,Pesos
7/07/2025 10:23:16,Estilo 1,Limpieza,10500,05/07 - ,Pesos
7/07/2025 10:24:04,Estilo 1,Proveedores,76000,05/07 - ,Pesos
7/07/2025 10:25:04,Estilo 2,Limpieza,14000,05/07 - ,Pesos
8/07/2025 13:27:37,Estilo 1,Distribucion Ganancias Socios,25000,07/07 - FEDE,Pesos
8/07/2025 13:29:05,Estilo 1,Otros,350000,07/07 - TARJETA,Pesos
8/07/2025 13:29:56,Estilo 1,Publicidad,740250,07/07 - ,Pesos
8/07/2025 13:31:03,Estilo 1,Proveedores,1098240,07/07 - COMPRA CELU,Pesos
8/07/2025 13:33:11,Estilo 1,Distribucion Ganancias Socios,500000,07/07 - SUELDO FEDE,Pesos
8/07/2025 13:33:58,Estilo 1,Envios,13400,07/07 - ,Pesos
8/07/2025 13:36:34,Estilo 2,Servicios,44400,07/07 - ,Pesos
8/07/2025 13:38:21,Estilo 2,Otros,350000,07/07 - TARJETA,Pesos
8/07/2025 13:39:19,Estilo 2,Publicidad,740250,07/07 - ,Pesos
8/07/2025 13:40:40,Estilo 2,Proveedores,1098240,07/07 - COMPRA CELU,Pesos
8/07/2025 13:42:16,Estilo 2,Envios,13400,07/07 - ,Pesos
10/07/2025 18:58:13,Estilo 1,Alquiler,564931,08/07 - ALQUILER,Pesos
10/07/2025 18:58:55,Estilo 2,Pago Prestamos,254000,08/07 - ,Pesos
10/07/2025 19:28:14,Estilo 2,Proveedores,670,08/07 - IP 14 P 256GB PLAN CANJE,USD
11/07/2025 10:36:09,Estilo 1,Pago Prestamos,900,10/07 - ,USD
11/07/2025 10:36:57,Estilo 1,Mantenimiento,20000,10/07 - ,Pesos
11/07/2025 10:42:32,Estilo 2,Alquiler,812000,10/07 - ALQUILER,Pesos
11/07/2025 10:44:33,Estilo 2,Pago Prestamos,900,10/07 - ,USD
11/07/2025 10:46:23,Estilo 2,Proveedores,44000,10/07 - ,Pesos
12/07/2025 11:14:32,Estilo 1,Servicios,59800,11/07 - ,Pesos
12/07/2025 11:14:59,Estilo 1,Proveedores,56000,11/07 - ,Pesos
12/07/2025 11:17:38,Estilo 2,Servicios,30070,11/07 - ,Pesos
12/07/2025 11:19:18,Estilo 2,Proveedores,17000,11/07 - ,Pesos
14/07/2025 11:28:41,Estilo 1,Empleados local,325000,12/07 - SUELDO GUADA,Pesos
14/07/2025 11:42:09,Estilo 2,Empleados local,500000,12/07 - SUELDO VERO,Pesos
14/07/2025 11:42:36,Estilo 2,Empleados local,500000,12/07 - SUELDO NAHUEL,Pesos
15/07/2025 10:04:21,Estilo 1,Limpieza,10500,14/07 - ,Pesos
15/07/2025 10:06:25,Estilo 2,Limpieza,14000,14/07 - ,Pesos
16/07/2025 16:54:15,Estilo 1,Proveedores,84500,15/07 - ,Pesos
16/07/2025 17:02:53,Estilo 1,Distribucion Ganancias Socios,40000,15/07 - FEDE,Pesos
16/07/2025 17:19:59,Estilo 2,Proveedores,86500,15/07 - ,Pesos
17/07/2025 19:29:11,Estilo 1,Distribucion Ganancias Socios,200000,16/07 - SUELDO,Pesos
17/07/2025 19:29:48,Estilo 1,Envios,15900,16/07 - ,Pesos
17/07/2025 19:30:13,Estilo 1,Proveedores,1293,16/07 - ,USD
17/07/2025 19:31:05,Estilo 1,Proveedores,260,16/07 - IP 11P M,USD
17/07/2025 19:36:25,Estilo 2,Marketing,350000,16/07 - ANTO,Pesos
17/07/2025 19:37:02,Estilo 2,Marketing,350000,16/07 - YESI,Pesos
17/07/2025 19:37:27,Estilo 2,Envios,15900,16/07 - ,Pesos
17/07/2025 19:37:48,Estilo 2,Proveedores,1293,16/07 - ,USD
17/07/2025 19:39:36,Estilo 2,Proveedores,430,16/07 - IP 13 P,USD
19/07/2025 12:48:43,Estilo 1,Impuestos,135000,18/07 - MONOTRIBUTO,Pesos
19/07/2025 12:49:18,Estilo 1,Proveedores,3000,18/07 - ,Pesos
19/07/2025 12:49:48,Estilo 1,Distribucion Ganancias Socios,21500,18/07 - FEDE,Pesos
19/07/2025 12:51:52,Estilo 1,Comisiones,90000,18/07 - AGOS,Pesos
19/07/2025 12:57:53,Estilo 2,Servicios,135000,18/07 - MONOTRIBUTO,Pesos
21/07/2025 15:29:13,Estilo 1,Empleados local,500000,19/07 - AGOS,Pesos
21/07/2025 15:29:50,Estilo 1,Distribucion Ganancias Socios,100000,19/07 - FEDE,Pesos
21/07/2025 15:30:14,Estilo 1,Proveedores,41800,,Pesos
21/07/2025 15:30:48,Estilo 1,Proveedores,58900,19/07 - ,Pesos
21/07/2025 15:33:53,Estilo 2,Servicios,55600,19/07 - GAS,Pesos
21/07/2025 15:34:36,Estilo 2,Empleados local,660000,19/07 - TITO,Pesos
21/07/2025 15:35:12,Estilo 2,Proveedores,58900,19/07 - ,Pesos
22/07/2025 20:03:54,Estilo 1,Limpieza,10500,21/07 - NATI,Pesos
22/07/2025 20:05:00,Estilo 1,Servicios,44266,21/07 - ,Pesos
22/07/2025 20:06:01,Estilo 2,Empleados local,300000,21/07 - CARO,Pesos
23/07/2025 17:18:17,Estilo 1,Proveedores,138387,21/07 - ,Pesos
23/07/2025 17:19:09,Estilo 2,Proveedores,13284,21/07 - ,Pesos
23/07/2025 17:22:15,Estilo 1,Proveedores,252981,22/07 - ,Pesos
25/07/2025 19:28:17,Estilo 1,Envios,16837,23/07 - ,Pesos
25/07/2025 19:30:14,Estilo 1,Envios,7500,23/07 - ,Pesos
25/07/2025 19:30:46,Estilo 1,Proveedores,1141,23/07 - ,USD
25/07/2025 19:31:57,Estilo 2,Envios,7500,23/07 - ,Pesos
25/07/2025 19:32:34,Estilo 2,Proveedores,1141,23/07 - ,USD
28/07/2025 19:28:36,Estilo 1,Limpieza,10500,26/07 - NATI,Pesos
28/07/2025 19:29:08,Estilo 1,Proveedores,570,26/07 - ,USD
28/07/2025 19:29:39,Estilo 1,Distribucion Ganancias Socios,30000,26/07 - FEDE,Pesos
28/07/2025 19:30:05,Estilo 2,Limpieza,14000,26/07 - NATI,Pesos
29/07/2025 11:57:12,Estilo 2,Distribucion Ganancias Socios,800000,28/07 - EDU,Pesos
30/07/2025 11:33:00,Estilo 1,Distribucion Ganancias Socios,83500,29/07 - FEDE,Pesos
30/07/2025 11:33:57,Estilo 1,Proveedores,102500,29/07 - ,Pesos
30/07/2025 11:34:34,Estilo 1,Proveedores,44000,29/07 - ,Pesos
30/07/2025 11:35:00,Estilo 1,Proveedores,36000,29/07 - ,Pesos
31/07/2025 18:03:41,Estilo 2,Proveedores,50000,30/04 - ,Pesos
1/08/2025 12:43:16,Estilo 1,Servicios,37800,31/07 - ,Pesos
1/08/2025 12:44:48,Estilo 1,Otros,229000,31/07 - SOFTWARE FACILPOS,Pesos
1/08/2025 12:49:57,Estilo 2,Otros,229000,31/07 - SOFTWARE FACILPOS,Pesos
2/08/2025 11:51:58,Estilo 1,Proveedores,1155,01/08 - ,USD
2/08/2025 11:52:53,Estilo 1,Envios,15900,01/08 - ,Pesos
2/08/2025 12:25:54,Estilo 1,Limpieza,10500,01/08 - ,Pesos
2/08/2025 12:26:30,Estilo 2,Proveedores,1155,01/08 - ,USD
2/08/2025 12:27:01,Estilo 2,Envios,15900,01/08 - ,Pesos
2/08/2025 12:27:40,Estilo 2,Limpieza,14000,01/08 - ,Pesos
4/08/2025 12:25:04,Estilo 1,Proveedores,120,02/08 - IP 12 MINI,USD
4/08/2025 16:42:27,Estilo 1,Proveedores,140000,02/08 - ,Pesos
5/08/2025 10:27:09,Estilo 2,Otros,50000,02/08 - DEVOLUCION CLIENTE,Pesos
6/08/2025 12:04:45,Estilo 1,Proveedores,500,05/08 - ,USD
6/08/2025 12:34:46,Estilo 2,Distribucion Ganancias Socios,30000,05/08 - EDU,Pesos
6/08/2025 13:29:13,Estilo 2,Proveedores,85000,05/08 - ,Pesos
8/08/2025 20:23:16,Estilo 2,Proveedores,800,06/08 - IP 15 P,USD
8/08/2025 20:31:58,Estilo 1,Distribucion Ganancias Socios,500000,07/08 - FEDE,Pesos
8/08/2025 20:32:30,Estilo 1,Marketing,350000,07/08 - ,Pesos
8/08/2025 20:33:13,Estilo 1,Proveedores,25000,07/08 - ,Pesos
8/08/2025 20:33:49,Estilo 2,Marketing,350000,07/08 - ,Pesos
8/08/2025 20:34:29,Estilo 2,Servicios,43800,07/08 - ,Pesos
9/08/2025 11:59:27,Estilo 1,Otros,5950,08/08 - CAFE,Pesos
9/08/2025 12:00:15,Estilo 1,Alquiler,565000,08/08 - ,Pesos
9/08/2025 12:06:54,Estilo 2,Otros,5950,08/08 - CAFE,Pesos
9/08/2025 12:07:34,Estilo 2,Alquiler,812000,08/08 - ,Pesos
9/08/2025 12:08:47,Estilo 2,Distribucion Ganancias Socios,270000,08/08 - EDU,Pesos
9/08/2025 12:09:52,Estilo 2,Empleados local,500000,08/08 - VERO,Pesos
11/08/2025 11:14:56,Estilo 1,Limpieza,10500,09/08 - ,Pesos
11/08/2025 11:20:48,Estilo 1,Proveedores,2700,09/08 - ,Pesos
11/08/2025 11:26:19,Estilo 1,Publicidad,1305250,09/08 - ,Pesos
11/08/2025 11:27:15,Estilo 1,Empleados local,567500,09/08 - NAHUEL,Pesos
11/08/2025 11:27:55,Estilo 1,Empleados local,325000,09/08 - GUADA,Pesos
11/08/2025 11:30:00,Estilo 2,Publicidad,1305250,09/08 - ,Pesos
11/08/2025 11:31:09,Estilo 2,Empleados local,552500,09/08 - TITO,Pesos
11/08/2025 11:31:41,Estilo 2,Distribucion Ganancias Socios,100000,09/08 - EDU,Pesos
11/08/2025 11:32:27,Estilo 2,Limpieza,14500,09/08 - NATI,Pesos
11/08/2025 11:42:23,Estilo 1,Otros,350000,09/08 - TARJETA,Pesos
11/08/2025 11:43:07,Estilo 2,Otros,350000,09/08 - TARJETA,Pesos
12/08/2025 10:25:42,Estilo 2,Pago Prestamos,124000,11/08 - ,Pesos
12/08/2025 10:27:00,Estilo 2,Pago Prestamos,900,11/08 - ,USD
12/08/2025 10:27:44,Estilo 1,Empleados local,150000,11/08 - AGOS,Pesos
12/08/2025 11:21:19,Estilo 1,Pago Prestamos,124000,11/08 - ,Pesos
12/08/2025 11:21:59,Estilo 1,Pago Prestamos,900,11/08 - ,USD
12/08/2025 11:23:15,Estilo 1,Distribucion Ganancias Socios,300000,11/08 - FEDE,Pesos
13/08/2025 11:18:33,Estilo 1,Servicios,11400,12/08 - ,Pesos
13/08/2025 11:19:14,Estilo 1,Servicios,15800,12/08 - ,Pesos
13/08/2025 11:20:27,Estilo 1,Proveedores,1100,12/08 - ,USD
13/08/2025 11:20:53,Estilo 1,Envios,8418,12/08 - ,Pesos
13/08/2025 11:34:00,Estilo 2,Proveedores,1100,12/08 - ,USD
13/08/2025 11:34:55,Estilo 2,Envios,8418,12/08 - ,Pesos
15/08/2025 11:51:45,Estilo 1,Envios,5000,14/08 - ,Pesos
15/08/2025 11:54:09,Estilo 2,Envios,5000,14/08 - ,Pesos
18/08/2025 11:19:09,Estilo 1,Proveedores,82000,15/08 - ,Pesos
18/08/2025 11:23:04,Estilo 2,Distribucion Ganancias Socios,150000,15/08 - EDU,Pesos
18/08/2025 11:26:44,Estilo 1,Empleados local,500000,16/08 - AGOS,Pesos
18/08/2025 11:31:32,Estilo 1,Distribucion Ganancias Socios,11000,16/08 - ,Pesos
18/08/2025 11:33:25,Estilo 2,Servicios,30300,16/08 - ,Pesos
18/08/2025 11:33:56,Estilo 2,Distribucion Ganancias Socios,11000,16/08 - ,Pesos
18/08/2025 11:34:35,Estilo 2,Distribucion Ganancias Socios,250000,16/08 - EDU,Pesos
19/08/2025 10:02:31,Estilo 1,Limpieza,10500,18/08 - NATI,Pesos
19/08/2025 10:03:27,Estilo 1,Servicios,59800,18/08 - ,Pesos
19/08/2025 10:04:02,Estilo 1,Servicios,45400,18/08 - ,Pesos
19/08/2025 10:04:35,Estilo 1,Envios,17500,18/08 - ,Pesos
19/08/2025 10:04:56,Estilo 1,Proveedores,48000,18/08 - ,Pesos
19/08/2025 10:06:31,Estilo 2,Envios,17500,18/08 - ,Pesos
19/08/2025 10:07:20,Estilo 2,Limpieza,14000,18/08 - NATI,Pesos
20/08/2025 11:43:22,Estilo 2,Proveedores,220,15/08 - IP11 ,USD
20/08/2025 11:51:49,Estilo 1,Impuestos,155500,19/08 - ,Pesos
20/08/2025 11:52:16,Estilo 1,Proveedores,90000,19/08 - ,Pesos
20/08/2025 11:57:32,Estilo 2,Impuestos,155500,19/08 - ,Pesos
20/08/2025 11:58:48,Estilo 2,Otros,90000,19/08 - FIRMAS,Pesos
20/08/2025 12:00:12,Estilo 2,Proveedores,300,19/08 - IP 13 MINI,USD
20/08/2025 12:01:03,Estilo 2,Proveedores,460,19/08 - IP 12 PM,USD
21/08/2025 11:03:50,Estilo 1,Proveedores,869,20/08 - ,USD
21/08/2025 11:08:18,Estilo 1,Envios,13418,20/08 - ,Pesos
21/08/2025 11:12:08,Estilo 2,Proveedores,869,20/08 - ,USD
21/08/2025 11:12:40,Estilo 2,Envios,13418,20/08 - ,Pesos
23/08/2025 9:58:24,Estilo 1,Proveedores,1645,21/08 - ,USD
23/08/2025 9:59:39,Estilo 2,Alquiler,1770000,21/08 - PATIO SAN IGNACIO,Pesos
23/08/2025 10:01:13,Estilo 2,Proveedores,4000,21/08 - ,Pesos
23/08/2025 10:02:20,Estilo 2,Proveedores,1645,21/08 - ,USD
25/08/2025 10:38:51,Estilo 1,Impuestos,10500,23/08 - NATI,Pesos
25/08/2025 10:43:16,Estilo 2,Limpieza,14000,23/08 - NATI,Pesos
25/08/2025 10:53:31,Estilo 1,Proveedores,550,23/08 - IP 14,USD
25/08/2025 10:54:24,Estilo 1,Proveedores,500,23/08  IP 14,USD
27/08/2025 10:08:53,Estilo 1,Proveedores,21900,26/08 - ,Pesos
28/08/2025 9:29:52,Estilo 1,Proveedores,198775,27/08 - ,Pesos
1/09/2025 10:01:21,Estilo 2,Otros,39500,27/08 - ,Pesos
1/09/2025 10:03:49,Estilo 1,Mantenimiento,500,28/08 - ,Pesos
1/09/2025 10:11:43,Estilo 1,Envios,9716,29/08 - ,Pesos
1/09/2025 10:15:09,Estilo 1,Proveedores,57000,29/08 - ,Pesos
1/09/2025 10:22:20,Estilo 1,Limpieza,10500,30/08 - ,Pesos
1/09/2025 10:23:00,Estilo 2,Limpieza,14000,30/08 - ,Pesos
1/09/2025 10:23:38,Estilo 2,Mantenimiento,10500,30/08 - ,Pesos
1/09/2025 10:24:03,Estilo 2,Mantenimiento,33700,30/08 - ,Pesos
3/09/2025 17:08:44,Estilo 2,Mantenimiento,620000,01/09 - OBRA ESTILO2,Pesos
3/09/2025 17:18:47,Estilo 1,Distribucion Ganancias Socios,91000,01/09 - FEDE,Pesos
9/09/2025 11:06:01,Estilo 1,Otros,230000,03/09 - SOFWARE ,Pesos
9/09/2025 11:09:44,Estilo 2,Otros,27600,62600,Pesos
9/09/2025 11:10:42,Estilo 2,Otros,12500,03/09 - MASILLA,Pesos
9/09/2025 11:11:45,Estilo 2,Otros,30000,03/09 - VIDRIERA,Pesos
9/09/2025 11:14:16,Estilo 1,Otros,230000,03/09 - SOFWARE,Pesos
9/09/2025 11:25:07,Estilo 1,Publicidad,500,04/09 - ,USD
9/09/2025 11:27:03,Estilo 2,Publicidad,500,04/09 - ,USD
9/09/2025 11:36:06,Estilo 2,Empleados local,20000,05/09 - VERO,Pesos
9/09/2025 11:47:34,Estilo 2,Otros,110000,05/09 - VIDRIERA,Pesos
9/09/2025 11:50:35,Estilo 1,Proveedores,172000,06/09 - ,Pesos
9/09/2025 11:51:37,Estilo 1,Distribucion Ganancias Socios,141000,06/09 - FEDE,Pesos
9/09/2025 12:06:55,Estilo 2,Empleados local,100000,06/09 - NAHUEL,Pesos
9/09/2025 12:08:01,Estilo 2,Empleados local,100000,06/09 - CARO,Pesos
9/09/2025 12:08:44,Estilo 2,Empleados local,100000,06/09 - ANTO,Pesos
9/09/2025 12:09:26,Estilo 2,Empleados local,60000,06/09 - VERO,Pesos
9/09/2025 12:15:39,Estilo 2,Impuestos,43800,08/09 - ,Pesos
11/09/2025 11:28:26,Estilo 1,Otros,520000,09/10 - TARJETA,Pesos
11/09/2025 12:12:49,Estilo 1,Distribucion Ganancias Socios,300000,09/09 - FEDE,Pesos
11/09/2025 12:14:14,Estilo 1,Alquiler,565000,09/09 - ,Pesos
11/09/2025 12:17:10,Estilo 2,Otros,520000,09/09 - TARJETA,Pesos
11/09/2025 12:18:02,Estilo 2,Empleados local,120000,09/09 - VERO,Pesos
11/09/2025 12:19:01,Estilo 2,Proveedores,172000,09/09 - ,Pesos
11/09/2025 12:22:02,Estilo 1,Marketing,100000,10/09 - ,Pesos
11/09/2025 12:22:57,Estilo 1,Pago Prestamos,123000,10/09 - ,Pesos
11/09/2025 12:24:03,Estilo 1,Empleados local,200000,10/09 - ,Pesos
11/09/2025 12:26:08,Estilo 2,Marketing,100000,10/09 - ,Pesos
11/09/2025 12:26:55,Estilo 2,Pago Prestamos,123000,10/09 - ,Pesos
11/09/2025 12:27:57,Estilo 2,Empleados local,300000,10/09 - VERO,Pesos
11/09/2025 12:47:02,Estilo 1,Comisiones Vendedores,82500,10/09 - TITO,Pesos
13/09/2025 11:01:56,Estilo 1,Proveedores,350,11/09 - IP 13,USD
13/09/2025 11:09:01,Estilo 1,Distribucion Ganancias Socios,459000,12/09 - FEDE,Pesos
13/09/2025 11:15:46,Estilo 1,Marketing,150000,12/09 - ,Pesos
13/09/2025 11:16:17,Estilo 1,Proveedores,33000,12/09 - ,Pesos
13/09/2025 11:17:48,Estilo 2,Marketing,150000,12/09 - ,Pesos
16/09/2025 10:28:10,Estilo 1,Proveedores,84000,15/09 - ,Pesos
16/09/2025 10:30:49,Estilo 2,Servicios,30100,15/09 - ,Pesos
17/09/2025 10:55:11,Estilo 1,Proveedores,46500,16/09 - ,Pesos
17/09/2025 10:56:00,Estilo 1,Limpieza,10500,16/09 - ,Pesos
17/09/2025 10:56:45,Estilo 2,Proveedores,46500,16/09,Pesos
17/09/2025 10:57:28,Estilo 2,Limpieza,14000,16/09 - ,Pesos
18/09/2025 11:21:18,Estilo 1,Proveedores,2250,17/09 - ,Pesos
19/09/2025 11:33:36,Estilo 1,Limpieza,10500,18/09 - NATI,Pesos
19/09/2025 11:34:14,Estilo 1,Empleados local,500000,18/09 - TITO,Pesos
19/09/2025 11:36:30,Estilo 1,Servicios,85500,18/09 - ,Pesos
19/09/2025 11:37:28,Estilo 1,Empleados local,250000,18/09 - GUADA,Pesos
19/09/2025 11:39:27,Estilo 2,Impuestos,14000,14/09 - NATI,Pesos
19/09/2025 11:40:15,Estilo 2,Distribucion Ganancias Socios,150000,18/09 - EDU,Pesos
19/09/2025 11:41:04,Estilo 2,Impuestos,52200,18/09 - ,Pesos
20/09/2025 10:55:34,Estilo 1,Proveedores,2700,19/09 - ,Pesos
20/09/2025 10:56:16,Estilo 1,Empleados local,100000,19/09 - GUADA,Pesos
20/09/2025 10:57:21,Estilo 1,Proveedores,320,19/09 - IP 13 ,USD
20/09/2025 10:59:08,Estilo 2,Empleados local,200000,19/09 - NAHUEL,Pesos
23/09/2025 12:36:46,Estilo 1,Servicios,46300,INTERNET,Pesos
23/09/2025 12:41:25,Estilo 1,Proveedores,22000,20/09 - ,Pesos
23/09/2025 12:42:54,Estilo 1,Otros,53500,20/09 - ,Pesos
23/09/2025 12:46:15,Estilo 1,Otros,24000,20/09 - ,Pesos
23/09/2025 12:46:57,Estilo 2,Otros,24000,20/09 - ,Pesos
23/09/2025 12:47:47,Estilo 2,Otros,53500,20/09 - ,Pesos
23/09/2025 12:48:17,Estilo 2,Proveedores,71000,20/09 - ,Pesos
23/09/2025 12:49:11,Estilo 2,Distribucion Ganancias Socios,100000,20/09 - EDU,Pesos
24/09/2025 13:03:33,Estilo 1,Proveedores,130000,23/09 - ,Pesos
24/09/2025 13:06:15,Estilo 2,Proveedores,130000,23/09 - ,Pesos
25/09/2025 10:13:13,Estilo 1,Proveedores,20000,24/09 - ,Pesos
26/09/2025 11:48:34,Estilo 1,Limpieza,10500,25/09 - ,Pesos
26/09/2025 11:49:09,Estilo 2,Limpieza,14000,25/09 - ,Pesos
27/09/2025 10:50:26,Estilo 2,Proveedores,450,26/09 - IP 13 P,USD
27/09/2025 11:51:37,Estilo 1,Impuestos,37735,26/09 - ,Pesos
27/09/2025 11:52:20,Estilo 2,Impuestos,37735,26/09 - ,Pesos
29/09/2025 10:46:14,Estilo 1,Envios,7075,27/09 - ,Pesos
29/09/2025 10:46:43,Estilo 1,Proveedores,40000,27/09 - ,Pesos
29/09/2025 10:47:48,Estilo 2,Envios,7075,27/09 - ,Pesos
30/09/2025 10:09:05,Estilo 1,Pago Prestamos,900,29/09 - ,USD
30/09/2025 10:10:51,Estilo 2,Pago Prestamos,900,29/09 - ,USD
1/10/2025 12:18:02,Estilo 2,Distribucion Ganancias Socios,550000,30/09 - EDU,Pesos
1/10/2025 12:18:41,Estilo 2,Proveedores,370,30/09 - IP 13,USD
1/10/2025 12:20:35,Estilo 2,Proveedores,370,30/09 - IP 13,USD
2/10/2025 11:13:48,Estilo 2,Otros,220000,01/10 - CAMARAS,Pesos
2/10/2025 11:18:01,Estilo 2,Otros,26000,01/10 - PINTURA,Pesos
2/10/2025 11:18:43,Estilo 2,Proveedores,255000,01/10 - ,Pesos
3/10/2025 10:27:05,Estilo 1,Proveedores,263018,02/10 - ,Pesos
3/10/2025 10:27:37,Estilo 1,Limpieza,11000,02/10 - ,Pesos
3/10/2025 10:29:30,Estilo 2,Servicios,78500,02/10 - INTERNET,Pesos
3/10/2025 10:30:14,Estilo 2,Limpieza,14000,02/10 - NATI,Pesos
7/10/2025 10:33:24,Estilo 1,Marketing,75000,06/10 - ,Pesos
7/10/2025 10:35:29,Estilo 2,Marketing,75000,06/10 - ,Pesos
8/10/2025 10:45:26,Estilo 1,Proveedores,3950,07/10 - ,Pesos
8/10/2025 10:46:55,Estilo 1,Proveedores,210000,07/10 - ,Pesos
9/10/2025 12:43:51,Estilo 1,Proveedores,6500,08/10 - ,Pesos
9/10/2025 12:44:18,Estilo 1,Proveedores,70450,08/10 - ,Pesos
9/10/2025 12:44:55,Estilo 1,Envios,10000,08/10 - ,Pesos
9/10/2025 12:45:26,Estilo 1,Envios,18471,08/10 - ,Pesos
9/10/2025 12:48:48,Estilo 2,Impuestos,33400,08/10 - LUZ,Pesos
11/10/2025 11:27:09,Estilo 1,Limpieza,11000,09/10 - ,Pesos
11/10/2025 11:27:36,Estilo 1,Pago Prestamos,900,09/10 - ,USD
11/10/2025 11:28:17,Estilo 2,Limpieza,14000,09/10 - ,Pesos
11/10/2025 11:29:29,Estilo 2,Empleados local,110000,09/10 - VERO,Pesos
11/10/2025 11:30:22,Estilo 2,Pago Prestamos,900,09/10 - ,USD
13/10/2025 10:29:45,Estilo 1,Distribucion Ganancias Socios,12000,11/10 - FEDE,Pesos
14/10/2025 12:36:16,Estilo 1,Distribucion Ganancias Socios,10990,13/10 - FEDE,Pesos
14/10/2025 12:37:00,Estilo 1,Alquiler,565000,13/10 - ,Pesos
14/10/2025 12:37:41,Estilo 1,Publicidad,925500,13/10 - ,Pesos
14/10/2025 12:38:22,Estilo 1,Proveedores,100000,13/10 - ,Pesos
14/10/2025 12:41:44,Estilo 2,Publicidad,925500,13/10 - ,Pesos
14/10/2025 12:42:47,Estilo 2,Proveedores,50000,13/10 - ,Pesos
15/10/2025 11:09:11,Estilo 2,Alquiler,760000,14/10 - ,Pesos
15/10/2025 11:09:46,Estilo 2,Proveedores,31240,14/10 - ,Pesos
16/10/2025 11:04:44,Estilo 1,Marketing,75000,15/10 - ,Pesos
16/10/2025 11:05:36,Estilo 1,Proveedores,650,15/10 - IP 14 PM,USD
16/10/2025 11:06:17,Estilo 1,Proveedores,650,15/10 - IP 14 PM,USD
16/10/2025 11:08:47,Estilo 2,Servicios,31500,15/10 - ,Pesos
16/10/2025 11:09:09,Estilo 2,Marketing,75000,15/10 - ,Pesos
17/10/2025 12:07:31,Estilo 1,Pago Prestamos,124000,16/10 - ,Pesos
17/10/2025 12:08:15,Estilo 1,Envios,629260,16/10 - ,Pesos
17/10/2025 12:10:42,Estilo 1,Distribucion Ganancias Socios,4000,16/10 - FEDE,Pesos
17/10/2025 12:18:24,Estilo 2,Pago Prestamos,124000,16/10 - ,Pesos
17/10/2025 12:19:19,Estilo 2,Envios,629260,16/10 - ,Pesos
18/10/2025 12:31:16,Estilo 1,Limpieza,11000,17/10 - NATI,Pesos
18/10/2025 12:32:01,Estilo 1,Otros,8800,17/10 - ,Pesos
18/10/2025 12:33:25,Estilo 2,Limpieza,14000,17/10 - NATI,Pesos
18/10/2025 12:35:24,Estilo 2,Otros,8800,17/10 - ,Pesos
18/10/2025 12:36:36,Estilo 2,Empleados local,440000,17/10 - VERO,Pesos
18/10/2025 13:04:24,Estilo 1,Proveedores,60065,17/10 - ,Pesos
18/10/2025 13:04:47,Estilo 1,Distribucion Ganancias Socios,4000,17/10 - FEDE,Pesos
20/10/2025 11:30:08,Estilo 1,Distribucion Ganancias Socios,43500,18/10 - FEDE,Pesos
20/10/2025 11:30:51,Estilo 1,Empleados local,350000,18/10 - GUADA,Pesos
20/10/2025 11:31:26,Estilo 1,Empleados local,100000,18/10 - NAHUEL,Pesos
20/10/2025 11:32:01,Estilo 1,Proveedores,28215,18/10 - ,Pesos
20/10/2025 11:33:40,Estilo 2,Empleados local,100000,18/10 - TITO,Pesos
21/10/2025 10:48:01,Estilo 1,Envios,10750,20/10 - ,Pesos
21/10/2025 10:49:21,Estilo 2,Envios,10750,20/10 - ,Pesos
22/10/2025 12:48:41,Estilo 1,Distribucion Ganancias Socios,14500,21/10 - FEDE,Pesos
24/10/2025 12:44:44,Estilo 1,Limpieza,11000,23/10 - NATI,Pesos
24/10/2025 12:46:11,Estilo 2,Limpieza,14000,23/10 - NATI,Pesos
24/10/2025 12:46:50,Estilo 2,Distribucion Ganancias Socios,20000,23/10 - EDU,Pesos
25/10/2025 12:56:19,Estilo 1,Proveedores,44000,24/10 - ,Pesos
25/10/2025 12:57:29,Estilo 2,Distribucion Ganancias Socios,620,24/10 - EDU,USD
25/10/2025 12:58:02,Estilo 2,Distribucion Ganancias Socios,30000,24/10 - ,Pesos
25/10/2025 12:58:42,Estilo 2,Proveedores,48000,24/10 - ,Pesos
27/10/2025 11:29:19,Estilo 1,Empleados local,337500,25/10 - NAHUEL,Pesos
27/10/2025 11:30:00,Estilo 1,Marketing,25000,25/10 - ,Pesos
27/10/2025 11:30:38,Estilo 1,Distribucion Ganancias Socios,200000,25/10 - FEDE,Pesos
27/10/2025 11:31:45,Estilo 1,Proveedores,320,25/10 - IP 13,USD
27/10/2025 11:34:06,Estilo 2,Empleados local,327000,25/10 - TITO,Pesos
27/10/2025 11:34:46,Estilo 2,Marketing,25000,25/10 - ,Pesos
28/10/2025 12:52:18,Estilo 1,Proveedores,1100,27/10 -  EQUIPOS FEDE RUARTE,USD
28/10/2025 12:55:29,Estilo 2,Proveedores,1100,27/10 - EQUIPOS FEDE RUARTE,USD
28/10/2025 12:56:33,Estilo 2,Empleados local,25000,27/10 - GERMAN,Pesos
28/10/2025 12:57:27,Estilo 2,Otros,140000,27/10 - DEVOLUCION ,Pesos
29/10/2025 11:02:19,Estilo 1,Proveedores,12000,28/10 - ,Pesos
29/10/2025 11:03:27,Estilo 2,Proveedores,175000,28/10 - ,Pesos
30/10/2025 11:23:32,Estilo 1,Proveedores,21000,29/10 - ,Pesos
30/10/2025 11:25:38,Estilo 1,Impuestos,42604,29/10 - GET NET,Pesos
30/10/2025 11:28:06,Estilo 2,Impuestos,42604,29/10 - GET NET,Pesos
31/10/2025 11:01:30,Estilo 1,Proveedores,21500,30/10 - ,Pesos
31/10/2025 11:02:34,Estilo 1,Marketing,7500,30/10 - ,Pesos
31/10/2025 11:03:17,Estilo 1,Distribucion Ganancias Socios,7400,30/10 - FEDE,Pesos
31/10/2025 11:04:07,Estilo 1,Impuestos,280,30/10 - ,Pesos
31/10/2025 11:04:53,Estilo 1,Limpieza,11000,30/10 - ,Pesos
31/10/2025 11:08:14,Estilo 2,Marketing,75000,30/10 - ,Pesos
31/10/2025 11:08:47,Estilo 2,Impuestos,280,30/10 - ,Pesos
31/10/2025 11:09:28,Estilo 2,Limpieza,14000,30/10 - ,Pesos
31/10/2025 11:12:07,Estilo 1,Marketing,67500,30/10 - ,Pesos
1/11/2025 11:49:55,Estilo 1,Proveedores,990,31/10 - ,USD
1/11/2025 11:53:21,Estilo 1,Impuestos,74000,31/10 - MONOTRIBUTO FEDE,Pesos
1/11/2025 11:54:18,Estilo 1,Servicios,63500,31/10 - INTERNET,Pesos
1/11/2025 11:54:54,Estilo 1,Proveedores,100000,31/10 - BOLSAS,Pesos
1/11/2025 11:55:58,Estilo 2,Proveedores,990,31/10 - ,USD
1/11/2025 11:58:23,Estilo 2,Impuestos,74000,31/10 - MONOTRIBUTO,Pesos
1/11/2025 11:59:23,Estilo 2,Proveedores,100000,31/10 - BOLSAS,Pesos
3/11/2025 11:59:42,Estilo 1,Marketing,50000,01/11 - ,Pesos
3/11/2025 12:00:53,Estilo 1,Empleados local,100000,01/11 - NAHUEL,Pesos
3/11/2025 12:02:08,Estilo 1,Distribucion Ganancias Socios,100000,01/11 - FEDE ,Pesos
3/11/2025 12:02:55,Estilo 1,Marketing,28500,01/11 - ,Pesos
3/11/2025 12:05:13,Estilo 2,Marketing,50000,01/11 - ,Pesos
3/11/2025 12:05:51,Estilo 2,Empleados local,100000,01/11 - TITO,Pesos
3/11/2025 12:06:34,Estilo 2,Marketing,28500,01/11 - ,Pesos
4/11/2025 11:10:56,Estilo 1,Proveedores,790,03/11 - ,USD
4/11/2025 11:17:35,Estilo 2,Otros,112900,03/11 DEVOLUCION ,Pesos
4/11/2025 11:18:16,Estilo 2,Empleados local,100000,03/11 - VERO,Pesos
4/11/2025 11:21:13,Estilo 1,Distribucion Ganancias Socios,255000,03/11 - FEDE PASAJES,Pesos
6/11/2025 10:13:37,Estilo 2,Proveedores,40000,05/11 - ,Pesos
7/11/2025 12:20:28,Estilo 1,Limpieza,11000,06/11 - NATI,Pesos
7/11/2025 12:23:42,Estilo 2,Proveedores,40000,06/11 - ,Pesos
7/11/2025 12:24:10,Estilo 2,Proveedores,20000,06/11 - ,Pesos
7/11/2025 12:24:52,Estilo 2,Limpieza,14000,06/11 - NATI,Pesos
8/11/2025 11:50:41,Estilo 1,Proveedores,108066,07/11 - ,Pesos
8/11/2025 11:52:36,Estilo 1,Proveedores,1771200,07/11 - TARJETA CREDITO,Pesos
8/11/2025 11:54:48,Estilo 2,Proveedores,1771200,07/11 - TARJETA CREDITO,Pesos
8/11/2025 12:51:50,Estilo 1,Proveedores,1262800,07/11 - CORRESPONDE 06/11,Pesos
10/11/2025 12:08:00,Estilo 1,Proveedores,350,08/11 - IP 15,USD
11/11/2025 11:22:20,Estilo 1,Alquiler,565000,10/11 - ,Pesos
11/11/2025 11:23:00,Estilo 1,Pago Prestamos,121000,10/11 - ,Pesos
11/11/2025 11:23:48,Estilo 1,Distribucion Ganancias Socios,20000,10/11 - FEDE,Pesos
11/11/2025 11:26:42,Estilo 2,Alquiler,760000,10/11 - ,Pesos
11/11/2025 11:27:12,Estilo 2,Pago Prestamos,121000,10/11 - ,Pesos
11/11/2025 11:27:45,Estilo 2,Empleados local,200000,10/11 - VERO,Pesos
14/11/2025 10:03:24,Estilo 1,Marketing,71500,13/11 - ,Pesos
14/11/2025 10:05:48,Estilo 1,Empleados local,355000,13/11 - NAHUEL,Pesos
14/11/2025 10:06:30,Estilo 1,Limpieza,11000,13/11 - NATI,Pesos
14/11/2025 10:07:23,Estilo 1,Distribucion Ganancias Socios,8990,13/11 - FEDE,Pesos
14/11/2025 10:09:44,Estilo 2,Marketing,71500,13/11 - ,Pesos
14/11/2025 10:11:06,Estilo 2,Limpieza,14000,13/11 - NATI,Pesos
14/11/2025 10:11:45,Estilo 2,Empleados local,45000,13/11 - TITO,Pesos
15/11/2025 9:40:39,Estilo 2,Servicios,31508,14/11 - AGUA,Pesos
17/11/2025 13:02:10,Estilo 1,Distribucion Ganancias Socios,85898,15/11 - FEDE,Pesos
17/11/2025 13:03:28,Estilo 2,Proveedores,50000,15/11 - ,Pesos
18/11/2025 10:09:40,Estilo 1,Marketing,200000,17/11 - ,Pesos
18/11/2025 10:10:23,Estilo 1,Empleados local,250000,17/11 - NAHUEL,Pesos
18/11/2025 10:11:10,Estilo 1,Marketing,25000,17/11 - YESI,Pesos
18/11/2025 10:11:43,Estilo 1,Pago Prestamos,900,17/11 - ,USD
18/11/2025 10:23:46,Estilo 2,Marketing,200000,17/11 - ,Pesos
18/11/2025 10:24:39,Estilo 2,Empleados local,250000,17/11 - VERO,Pesos
18/11/2025 10:25:09,Estilo 2,Empleados local,100000,17/11 - TITO,Pesos
18/11/2025 10:25:38,Estilo 2,Marketing,25000,17/11 - YESI,Pesos
18/11/2025 10:26:05,Estilo 2,Pago Prestamos,900,17/11 - ,USD
19/11/2025 12:59:07,Estilo 1,Proveedores,31500,18/11 - ,Pesos
20/11/2025 9:41:57,Estilo 1,Proveedores,60000,19/11 - ,Pesos
20/11/2025 9:42:47,Estilo 1,Otros,2900,19/11 - ,Pesos
22/11/2025 18:56:42,Estilo 1,Limpieza,11000,20/11 - NATI,Pesos
22/11/2025 18:57:48,Estilo 1,Distribucion Ganancias Socios,22137,20/11 - FEDE,Pesos
22/11/2025 19:01:30,Estilo 1,Otros,4000,20/11 - ART. LIMPIEZA,Pesos
22/11/2025 19:07:04,Estilo 1,Proveedores,35000,20/11 - ,Pesos
22/11/2025 19:10:46,Estilo 2,Limpieza,14000,20/11 - NATI,Pesos
22/11/2025 19:15:41,Estilo 2,Servicios,68100,20/11 - ,Pesos
22/11/2025 19:16:42,Estilo 2,Impuestos,51700,20/11 - LUZ,Pesos
22/11/2025 19:17:14,Estilo 2,Empleados local,400000,20/11 - TITO,Pesos
25/11/2025 12:52:42,Estilo 1,Proveedores,60000,22/11 - ,Pesos
25/11/2025 12:53:24,Estilo 1,Distribucion Ganancias Socios,18800,22/11 - FEDE,Pesos
25/11/2025 12:55:48,Estilo 1,Otros,10500,20/11 - GASTO DE SOCIOS,Pesos
25/11/2025 12:58:14,Estilo 2,Proveedores,60000,22/11 - ,Pesos
25/11/2025 12:59:14,Estilo 2,Otros,10050,22/11 - GASTO SOCIOS,Pesos
26/11/2025 12:47:15,Estilo 1,Impuestos,42604,25/11 - POSNET,Pesos
26/11/2025 18:13:20,Estilo 2,Impuestos,42604,25/11 - POSNET,Pesos
26/11/2025 18:14:37,Estilo 1,Distribucion Ganancias Socios,38000,25/11 - FEDE,Pesos
28/11/2025 13:00:52,Estilo 1,Limpieza,11000,27/11 - NATI,Pesos
28/11/2025 13:01:47,Estilo 1,Proveedores,330000,27/11 - ,Pesos
28/11/2025 13:03:06,Estilo 2,Limpieza,14000,27/11 - ,Pesos
28/11/2025 13:09:48,Estilo 2,Distribucion Ganancias Socios,100000,27/11 - EDU,Pesos
1/12/2025 18:43:30,Estilo 1,Impuestos,147000,29/11 - MONOTRIBUTO FEDE,Pesos
1/12/2025 18:44:10,Estilo 1,Proveedores,43250,29/11 - ,Pesos
1/12/2025 18:44:39,Estilo 1,Distribucion Ganancias Socios,13700,29/11 - ,Pesos
1/12/2025 18:46:23,Estilo 2,Proveedores,43250,29/11 - ,Pesos
1/12/2025 18:47:12,Estilo 2,Distribucion Ganancias Socios,10400,29/11 - EDU,Pesos
2/12/2025 10:05:33,Estilo 1,Proveedores,485750,28/11 - IP 13 P,Pesos
2/12/2025 10:06:25,Estilo 1,Proveedores,580000,28/11 - IP14 P,Pesos
2/12/2025 10:07:16,Estilo 1,Marketing,25000,01/12 - YESI,Pesos
2/12/2025 10:10:09,Estilo 2,Marketing,25000,01/12 - YESI,Pesos
3/12/2025 13:05:45,Estilo 1,Proveedores,575,02/12 - ,USD
3/12/2025 13:06:11,Estilo 1,Proveedores,17250,02/12 - ,Pesos
3/12/2025 13:08:06,Estilo 2,Proveedores,575,02/12 - ,USD
3/12/2025 13:08:44,Estilo 2,Proveedores,17250,02/12 - ,Pesos
4/12/2025 12:12:14,Estilo 1,Proveedores,319039,03/12 - ,Pesos
4/12/2025 12:12:54,Estilo 1,Distribucion Ganancias Socios,10000,03/12 - FEDE,Pesos
4/12/2025 12:13:28,Estilo 1,Proveedores,142000,03/12 - ,Pesos
4/12/2025 12:17:59,Estilo 2,Proveedores,319039,03/12 - ,Pesos
4/12/2025 12:18:56,Estilo 2,Distribucion Ganancias Socios,250000,03/12 - EDU,Pesos
5/12/2025 12:36:21,Estilo 1,Limpieza,11000,04/12 - ,Pesos
5/12/2025 12:36:49,Estilo 1,Distribucion Ganancias Socios,22500,04/12 - ,Pesos
5/12/2025 12:39:10,Estilo 2,Limpieza,14000,04/12 - ,Pesos
6/12/2025 10:57:24,Estilo 1,Marketing,150000,05/12 - CARO,Pesos
6/12/2025 10:58:25,Estilo 2,Marketing,150000,05/12 - CARO,Pesos
6/12/2025 10:59:03,Estilo 2,Empleados local,20000,05/12 - VERO,Pesos
6/12/2025 10:59:39,Estilo 2,Distribucion Ganancias Socios,650000,05/12 - EDU,Pesos
9/12/2025 13:10:18,Estilo 1,Distribucion Ganancias Socios,49773,06/12 - FEDE,Pesos
9/12/2025 13:12:23,Estilo 2,Proveedores,60000,06/12 - ,Pesos
10/12/2025 12:09:08,Estilo 1,Distribucion Ganancias Socios,10500,09/12 - FEDE,Pesos
10/12/2025 12:09:44,Estilo 1,Alquiler,565000,09/12 - ,Pesos
10/12/2025 12:12:57,Estilo 1,Otros,1071500,09/12 - TARJETA DE CREDITO,Pesos
10/12/2025 12:14:42,Estilo 2,Otros,1071500,09/12 - TARJETA DE CREDITO,Pesos
10/12/2025 12:15:32,Estilo 2,Proveedores,3000,09/12 - PILAS ,Pesos
10/12/2025 12:17:43,Estilo 1,Otros,12900,09/12 - REUNION,Pesos
10/12/2025 12:18:10,Estilo 2,Otros,12900,09/12 - REUNION,Pesos
11/12/2025 11:30:07,Estilo 1,Envios,9928,10/12 - ,Pesos
11/12/2025 11:30:45,Estilo 1,Distribucion Ganancias Socios,10000,10/12 - FEDE,Pesos
11/12/2025 11:31:14,Estilo 1,Pago Prestamos,120500,10/12 - ,Pesos
11/12/2025 11:32:57,Estilo 2,Empleados local,150000,10/12 - ,Pesos
11/12/2025 11:33:23,Estilo 2,Alquiler,760000,10/12 - ,Pesos
11/12/2025 11:33:50,Estilo 2,Envios,9928,10/12 - ,Pesos
11/12/2025 11:34:15,Estilo 2,Pago Prestamos,120500,10/12 - ,Pesos
11/12/2025 11:34:47,Estilo 2,Distribucion Ganancias Socios,89600,10/12 - EDU,Pesos
12/12/2025 9:49:58,Estilo 1,Limpieza,11000,11/12 - NATI,Pesos
12/12/2025 9:53:01,Estilo 1,Envios,5000,11/12 - ,Pesos
12/12/2025 9:54:19,Estilo 2,Limpieza,14000,11/12 - NATI,Pesos
12/12/2025 9:54:54,Estilo 2,Envios,5000,11/12 - ,Pesos
15/12/2025 11:03:55,Estilo 1,Distribucion Ganancias Socios,12890,12/12 - FEDE,Pesos
15/12/2025 11:33:01,Estilo 1,Proveedores,91000,13/12 - ,Pesos
15/12/2025 11:33:38,Estilo 1,Distribucion Ganancias Socios,5700,13/12 - FEDE,Pesos
16/12/2025 11:51:34,Estilo 1,Marketing,25000,15/12 - ,Pesos
16/12/2025 11:52:46,Estilo 1,Proveedores,175200,15/12 - ,Pesos
16/12/2025 11:54:17,Estilo 1,Proveedores,420000,15/12 - ,Pesos
16/12/2025 11:54:57,Estilo 1,Proveedores,370000,15/12 - ,Pesos
16/12/2025 11:56:05,Estilo 1,Distribucion Ganancias Socios,30500,15/12 - FEDE,Pesos
16/12/2025 11:57:23,Estilo 1,Proveedores,881450,15/12 - ,Pesos
16/12/2025 12:04:26,Estilo 2,Marketing,25000,15/12 - ,Pesos
16/12/2025 12:04:58,Estilo 2,Proveedores,75000,15/12 - ,Pesos
17/12/2025 11:44:55,Estilo 1,Proveedores,710,16/12 - ,USD
17/12/2025 11:46:14,Estilo 1,Otros,22200,16/12 - VUELTO ,Pesos
17/12/2025 11:47:58,Estilo 1,Mantenimiento,45039,16/12 - MANTENIMIENTO POSNET,Pesos
17/12/2025 11:52:38,Estilo 2,Mantenimiento,45039,16/12 -  MANTENIMIENTO POSNET,Pesos
18/12/2025 13:21:38,Estilo 1,Distribucion Ganancias Socios,1500,17/12 - ,Pesos
18/12/2025 13:22:14,Estilo 1,Proveedores,825000,17/12 - ,Pesos
18/12/2025 13:25:59,Estilo 2,Distribucion Ganancias Socios,150000,17/12 - EDU,Pesos
18/12/2025 13:26:42,Estilo 2,Proveedores,708400,17/12 - ,Pesos
18/12/2025 13:27:35,Estilo 2,Envios,29380,17/12 - ,Pesos
18/12/2025 13:28:34,Estilo 2,Marketing,250000,17/12 - ,Pesos
19/12/2025 11:10:28,Estilo 1,Limpieza,11000,18/12 - ,Pesos
19/12/2025 11:11:57,Estilo 1,Envios,8125,18/12 - ,Pesos
19/12/2025 11:43:15,Estilo 2,Limpieza,14000,18/12 - ,Pesos
19/12/2025 11:43:42,Estilo 2,Envios,8125,18/12 - ,Pesos
20/12/2025 11:36:50,Estilo 1,Empleados local,300000,19/12 - NAHUEL,Pesos
20/12/2025 11:37:26,Estilo 1,Servicios,55200,19/12 - LUZ,Pesos
20/12/2025 11:38:30,Estilo 1,Proveedores,531075,19/12 - ,Pesos
20/12/2025 11:39:15,Estilo 1,Proveedores,488400,19/12 - IP 16 P,Pesos
20/12/2025 11:41:13,Estilo 2,Empleados local,50000,19/12 - VERO,Pesos
20/12/2025 11:42:47,Estilo 2,Proveedores,531075,19/12 - ,Pesos
20/12/2025 11:43:17,Estilo 2,Distribucion Ganancias Socios,25000,19/12 - EDU,Pesos
20/12/2025 11:44:00,Estilo 2,Empleados local,300000,19/12 - TITO,Pesos
20/12/2025 11:54:40,Estilo 1,Distribucion Ganancias Socios,5100,19/12 - FEDE,Pesos
22/12/2025 19:16:32,Estilo 1,Proveedores,40000,20/12 - ,Pesos
22/12/2025 19:18:03,Estilo 1,Distribucion Ganancias Socios,48900,20/12 - FEDE,Pesos
22/12/2025 19:21:48,Estilo 1,Otros,61300,20/12 - ALMUERZO FIN DE AÑO,Pesos
22/12/2025 19:30:54,Estilo 2,Empleados local,50000,20/12 - VERO,Pesos
22/12/2025 19:32:54,Estilo 2,Distribucion Ganancias Socios,31500,20/12 - ,Pesos
22/12/2025 19:34:06,Estilo 2,Otros,61300,20/12 - ALMUERZO,Pesos
23/12/2025 11:48:07,Estilo 1,Empleados local,100000,22/12 - NAHUEL,Pesos
23/12/2025 11:49:55,Estilo 1,Distribucion Ganancias Socios,27000,22/12 - FEDE,Pesos
23/12/2025 11:51:06,Estilo 1,Impuestos,146714,22/12 - MONOTRIBUTO FEDE,Pesos
23/12/2025 11:52:08,Estilo 1,Impuestos,67500,22/12 - INTERNET E1,Pesos
23/12/2025 11:58:15,Estilo 2,Distribucion Ganancias Socios,90000,22/12 - EDU,Pesos
23/12/2025 11:58:50,Estilo 2,Empleados local,100000,22/12 - TITO,Pesos
23/12/2025 11:59:20,Estilo 2,Empleados local,100000,22/12 - VERO,Pesos
23/12/2025 11:59:49,Estilo 2,Empleados local,100000,22/12 - ANTO,Pesos
23/12/2025 12:00:34,Estilo 2,Empleados local,50000,22/12 - NATI,Pesos
23/12/2025 12:03:35,Estilo 2,Proveedores,451500,22/12 - IP 12 PM,Pesos
24/12/2025 11:47:25,Estilo 1,Distribucion Ganancias Socios,1600,23/12 - FEDE,Pesos
24/12/2025 11:48:02,Estilo 2,Proveedores,270500,23/12 - ,Pesos
26/12/2025 12:14:28,Estilo 2,Distribucion Ganancias Socios,100000,24/12 - EDU,Pesos
27/12/2025 11:19:53,Estilo 2,Mantenimiento,4600,26/12 - ,Pesos
27/12/2025 11:20:29,Estilo 2,Limpieza,12500,26/12 - NATI,Pesos
29/12/2025 11:32:04,Estilo 1,Empleados local,200000,27/12 - NAHUEL,Pesos
29/12/2025 11:34:53,Estilo 2,Empleados local,260000,27/12 - TITO,Pesos
29/12/2025 11:35:28,Estilo 2,Distribucion Ganancias Socios,53500,27/12 - EDU,Pesos
29/12/2025 11:36:00,Estilo 2,Empleados local,280000,27/12 - VERO,Pesos
29/12/2025 11:37:06,Estilo 2,Proveedores,300,27/12 - IP 13 P,USD
29/12/2025 11:37:32,Estilo 2,Proveedores,155000,27/12 - ,Pesos
2/01/2026 10:50:21,Estilo 1,Distribucion Ganancias Socios,380000,31/12 - ,Pesos
2/01/2026 10:51:26,Estilo 1,Servicios,37500,31/12 - SISTEMA,Pesos
2/01/2026 10:56:23,Estilo 2,Proveedores,40500,31/12 - ,Pesos
2/01/2026 10:57:29,Estilo 2,Servicios,37500,31/12 - SISTEMA,Pesos
2/01/2026 10:58:31,Estilo 2,Alquiler,106857,31/12 - EXPENSAS,Pesos